City,Cloudiness,Country,Date,Humidity,Lat,Lng,Max Temp,Wind Speed
kapaa,40,US,1584236519,57,22.08,-159.32,80.6,14.99
puerto ayora,4,EC,1584236432,64,-0.74,-90.35,82.0,5.99
norman wells,90,CA,1584236565,85,65.28,-126.83,23.0,2.24
atuona,28,PF,1584236585,67,-9.8,-139.03,82.47,8.03
arraial do cabo,16,BR,1584236432,88,-22.97,-42.03,78.28,12.3
pisco,40,PE,1584236610,83,-13.7,-76.22,73.99,18.34
chuy,100,UY,1584236427,92,-33.7,-53.46,68.94,12.41
tasiilaq,2,GL,1584236465,77,65.61,-37.64,-0.4,1.12
salta,75,AR,1584236460,78,-24.79,-65.41,77.0,2.37
barrow,20,US,1584236467,70,71.29,-156.79,1.4,21.92
tiksi,54,RU,1584236456,73,71.69,128.87,-10.35,6.08
cherskiy,100,RU,1584236610,93,68.75,161.3,7.27,5.21
hermanus,100,ZA,1584236419,96,-34.42,19.23,64.0,1.01
ishigaki,0,JP,1584236610,51,24.34,124.16,62.6,16.11
kahului,75,US,1584236369,74,20.89,-156.47,78.8,13.87
mount gambier,90,AU,1584236611,55,-37.83,140.77,62.6,12.75
poum,100,NC,1584236611,79,-20.23,164.02,84.09,52.48
khatanga,100,RU,1584236469,96,71.97,102.5,27.61,13.22
moron,75,AR,1584236611,93,-34.65,-58.62,69.8,3.36
vila velha,20,BR,1584236370,94,-20.33,-40.29,75.99,2.24
berlevag,100,NO,1584236611,85,70.86,29.09,21.63,26.82
vaini,100,TO,1584236611,80,-21.2,-175.2,82.76,14.7
kavaratti,54,IN,1584236612,72,10.57,72.64,81.99,8.97
bluff,100,NZ,1584236612,67,-46.6,168.33,66.99,1.99
tecpan,20,GT,1584236612,60,14.76,-90.99,71.6,11.41
san borja,100,BO,1584236612,83,-14.82,-66.85,77.22,1.81
tottori,40,JP,1584236612,57,35.5,134.23,48.2,12.75
kapit,97,MY,1584236612,64,2.02,112.93,85.24,3.44
saint-augustin,1,CA,1584236612,82,51.23,-58.65,16.57,13.87
chumikan,0,RU,1584236613,73,54.72,135.31,14.14,14.07
gat,20,IL,1584236403,93,31.61,34.76,57.2,4.7
linjiang,100,CN,1584236542,61,41.81,126.91,23.23,13.38
albany,1,US,1584236596,77,42.6,-73.97,39.99,8.05
kumluca,98,TR,1584236613,87,36.37,30.29,53.89,3.09
bathsheba,75,BB,1584236613,78,13.22,-59.52,77.0,11.41
ushuaia,75,AR,1584236613,54,-54.8,-68.3,55.4,13.87
castro,0,BR,1584236613,92,-24.79,-50.01,61.39,4.52
busselton,28,AU,1584236418,97,-33.65,115.33,75.0,16.26
kodiak,90,US,1584236492,51,57.79,-152.41,39.2,3.36
saskylakh,100,RU,1584236614,92,71.92,114.08,5.95,12.01
hamilton,90,US,1584236614,93,39.18,-84.53,36.0,17.22
mehamn,100,NO,1584236485,91,71.04,27.85,15.51,13.96
henties bay,0,NA,1584236463,93,-22.12,14.28,62.01,2.98
da nang,75,VN,1584236614,83,16.07,108.22,78.8,3.36
anadyr,40,RU,1584236442,92,64.75,177.48,23.0,24.61
xiongzhou,0,CN,1584236615,48,25.12,114.3,62.67,5.32
sur,99,OM,1584236572,34,22.57,59.53,68.09,7.65
aurangabad,20,IN,1584236615,36,19.88,75.33,64.4,8.5
navrongo,94,GH,1584236615,54,10.9,-1.09,81.23,1.57
ribeira grande,26,PT,1584236615,84,38.52,-28.7,55.63,4.79
rikitea,3,PF,1584236615,70,-23.12,-134.97,79.07,9.08
bayonet point,40,US,1584236616,83,28.33,-82.68,75.99,5.82
winnemucca,75,US,1584236616,45,40.97,-117.74,48.2,11.41
port alfred,62,ZA,1584236616,86,-33.59,26.89,68.0,5.01
saint-philippe,48,RE,1584236616,73,-21.36,55.77,75.2,8.05
matara,18,LK,1584236616,65,5.95,80.54,82.18,6.22
bethel,75,US,1584236435,45,41.37,-73.41,48.2,5.82
esperance,100,AU,1584236616,64,-33.87,121.9,69.8,21.92
buala,78,SB,1584236616,78,-8.14,159.59,83.19,10.31
hilo,90,US,1584236358,74,19.73,-155.09,78.8,8.05
saldanha,13,ZA,1584236617,83,-33.01,17.94,63.28,23.96
deputatskiy,0,RU,1584236459,90,69.3,139.9,-24.05,2.39
vestmannaeyjar,0,IS,1584236490,66,63.44,-20.27,26.46,17.45
avarua,8,CK,1584236473,70,-21.21,-159.78,84.2,6.93
hithadhoo,74,MV,1584236617,63,-0.6,73.08,83.25,5.37
new norfolk,75,AU,1584236617,62,-42.78,147.06,63.0,13.87
ketchikan,1,US,1584236618,41,55.34,-131.65,42.8,17.22
mao,0,ES,1584236618,87,39.89,4.27,51.8,2.24
puerto escondido,75,MX,1584236553,78,15.85,-97.07,82.4,3.36
qaanaaq,34,GL,1584236459,58,77.48,-69.36,-20.22,6.4
nome,100,US,1584236618,98,64.5,-165.41,31.26,9.31
ondjiva,100,AO,1584236618,81,-17.07,15.73,69.93,4.32
yellowknife,90,CA,1584236618,66,62.46,-114.35,10.4,10.29
amga,100,RU,1584236445,89,60.9,131.96,-0.58,4.63
mataura,100,NZ,1584236437,67,-46.19,168.86,66.99,1.99
bredasdorp,100,ZA,1584236406,88,-34.53,20.04,64.4,3.36
ushtobe,0,KZ,1584236619,40,45.25,77.98,48.72,6.85
mnogovershinnyy,6,RU,1584236613,65,53.94,139.92,8.38,4.76
isangel,11,VU,1584236457,76,-19.55,169.27,84.83,26.8
mar del plata,75,AR,1584236619,82,-38.0,-57.56,64.99,3.36
soyo,100,AO,1584236472,88,-6.13,12.37,79.27,3.87
daru,1,PG,1584236619,57,-9.08,143.21,89.83,6.4
shingu,40,JP,1584236619,50,33.73,135.98,48.2,8.05
cape town,40,ZA,1584236402,77,-33.93,18.42,64.99,18.34
taitung,75,TW,1584236620,77,22.76,121.14,60.8,6.93
saint-gaudens,0,FR,1584236620,93,43.08,0.67,42.01,1.12
baherden,100,TM,1584236620,27,38.44,57.43,68.25,11.77
nishihara,0,JP,1584236447,48,26.18,127.76,62.6,18.34
tessalit,2,ML,1584236620,13,20.2,1.01,72.0,12.24
barra patuca,1,HN,1584236620,78,15.8,-84.28,80.11,13.94
cabo san lucas,40,MX,1584236402,53,22.89,-109.91,73.4,11.41
phibun mangsahan,20,TH,1584236621,74,15.24,105.23,90.0,6.93
jamestown,90,US,1584236407,86,42.1,-79.24,35.6,8.05
nanortalik,100,GL,1584236621,89,60.14,-45.24,21.56,8.32
severo-kurilsk,100,RU,1584236621,80,50.68,156.12,21.76,9.4
dakar,20,SN,1584236621,94,14.69,-17.44,71.6,4.7
bengkulu,100,ID,1584236467,57,-3.8,102.27,88.72,0.67
itarema,81,BR,1584236621,95,-2.92,-39.92,74.59,2.73
lavrentiya,100,RU,1584236622,79,65.58,-171.0,21.02,10.56
port elizabeth,79,ZA,1584236430,82,-33.92,25.57,66.65,11.97
codrington,66,AU,1584236622,71,-38.27,141.97,59.13,15.48
leningradskiy,95,RU,1584236622,76,69.38,178.42,6.15,13.69
umm lajj,0,SA,1584236622,65,25.02,37.27,61.9,6.04
hami,100,CN,1584236619,22,42.8,93.45,43.72,1.59
mahebourg,40,MU,1584236511,94,-20.41,57.7,75.2,7.81
provost,100,CA,1584236622,96,52.35,-110.27,3.7,4.45
chapais,90,CA,1584236623,85,49.78,-74.85,10.4,16.11
inta,100,RU,1584236623,89,66.03,60.17,3.38,9.4
nikolskoye,55,RU,1584236452,53,59.7,30.79,23.0,13.42
xining,100,CN,1584236623,23,36.62,101.77,39.47,5.73
laki,90,BG,1584236524,81,41.85,24.82,48.0,8.05
shelburne,1,CA,1584236544,74,44.08,-80.2,33.01,5.82
komsomolskiy,0,UZ,1584236624,38,40.43,71.72,46.4,6.93
padang,49,ID,1584236624,58,-0.95,100.35,83.03,1.83
laguna,1,US,1584236624,76,38.42,-121.42,54.0,12.75
palu,100,ID,1584236624,57,-0.89,119.87,82.56,4.29
mongo,88,TD,1584236624,14,12.18,18.69,65.12,7.38
hobart,75,AU,1584236443,62,-42.88,147.33,63.0,13.87
sao miguel do araguaia,0,BR,1584236624,94,-13.28,-50.16,72.41,1.86
stolbishche,47,RU,1584236624,92,55.65,49.22,30.2,4.47
yovon,0,TJ,1584236625,36,38.31,69.04,48.2,11.18
hofn,99,IS,1584236625,65,64.25,-15.21,30.13,15.12
santiago de cao,75,PE,1584236625,83,-7.96,-79.24,73.4,10.29
hobyo,56,SO,1584236625,80,5.35,48.53,79.88,13.33
galiakot,62,IN,1584236490,30,23.52,74.0,66.83,9.53
san patricio,75,MX,1584236538,83,19.22,-104.7,80.6,9.17
thompson,20,CA,1584236508,45,55.74,-97.86,5.0,3.36
atambua,2,ID,1584236625,67,-9.11,124.89,84.42,5.86
inuvik,90,CA,1584236626,58,68.35,-133.72,30.2,2.24
muros,90,ES,1584236626,100,42.78,-9.06,48.99,2.24
la paz,40,BO,1584236583,81,-16.5,-68.15,48.2,5.82
bollnas,68,SE,1584236626,73,61.35,16.39,30.0,14.61
kaputa,89,ZM,1584236626,96,-8.47,29.66,64.36,1.45
pontianak,96,ID,1584236626,60,-0.03,109.33,89.06,2.86
saint-pierre,33,RE,1584236421,73,-21.34,55.48,75.2,8.05
tamale,94,GH,1584236626,56,9.4,-0.84,85.08,7.78
voh,100,NC,1584236627,78,-20.97,164.7,84.18,41.52
vardo,100,NO,1584236575,92,70.37,31.11,19.04,35.72
tuktoyaktuk,75,CA,1584236627,85,69.45,-133.04,24.8,38.03
taltal,51,CL,1584236627,90,-25.4,-70.48,59.85,3.06
lazaro cardenas,27,MX,1584236627,87,17.96,-102.2,75.85,0.6
punta arenas,99,CL,1584236348,67,-53.15,-70.92,57.2,28.86
bilibino,100,RU,1584236491,85,68.05,166.44,2.97,6.11
butaritari,0,KI,1584236628,74,3.07,172.79,83.88,11.79
ilulissat,97,GL,1584236358,77,69.22,-51.1,-0.4,6.93
balsas,100,BR,1584236628,92,-7.53,-46.04,73.96,2.53
vung tau,100,VN,1584236628,55,10.35,107.08,87.93,15.32
bundaberg,50,AU,1584236628,47,-24.85,152.35,80.6,13.87
port-gentil,97,GA,1584236628,77,-0.72,8.78,82.94,7.87
hanumangarh,0,IN,1584236628,62,29.58,74.32,59.11,4.9
kungurtug,31,RU,1584236628,71,50.6,97.52,24.62,1.34
rocha,73,UY,1584236629,84,-34.48,-54.33,62.1,5.28
namatanai,100,PG,1584236629,72,-3.67,152.43,84.18,10.42
lerwick,2,GB,1584236629,87,60.15,-1.15,44.6,21.92
nyuzen,20,JP,1584236629,45,36.93,137.5,48.0,8.05
auki,95,SB,1584236629,76,-8.77,160.7,84.34,13.42
vangaindrano,100,MG,1584236630,95,-23.35,47.6,72.39,2.06
atar,0,MR,1584236630,12,20.52,-13.05,67.55,6.58
charqueada,0,BR,1584236630,88,-22.51,-47.78,68.58,3.96
sobolevo,96,RU,1584236630,60,54.43,31.9,24.91,17.18
pevek,100,RU,1584236448,67,69.7,170.31,7.63,8.12
goodyear,20,US,1584236605,43,33.44,-112.36,71.6,2.98
ponta do sol,75,PT,1584236630,67,32.67,-17.1,60.8,12.75
ust-nera,54,RU,1584236593,91,64.57,143.2,-14.62,4.63
pingzhuang,0,CN,1584236631,26,42.04,119.29,29.73,21.65
vila franca do campo,20,PT,1584236631,82,37.72,-25.43,55.4,8.05
ratnagiri,22,IN,1584236631,27,16.98,73.3,82.26,2.04
inirida,100,CO,1584236631,87,3.87,-67.92,75.04,1.63
sioux lookout,20,CA,1584236492,43,50.1,-91.92,17.6,2.24
shenkursk,100,RU,1584236631,88,62.11,42.9,19.54,8.88
veraval,33,IN,1584236631,21,20.9,70.37,75.11,20.31
islaz,90,RO,1584236631,93,43.73,24.75,45.0,6.93
lebu,0,CL,1584236632,76,-37.62,-73.65,53.38,8.03
ciudad bolivar,58,VE,1584236632,56,8.12,-63.55,79.09,7.76
egvekinot,93,RU,1584236632,61,66.32,-179.17,9.75,2.08
airai,49,TL,1584236493,50,-8.93,125.41,81.63,5.53
mildura,0,AU,1584236632,37,-34.2,142.15,69.01,11.41
buchanan,30,LR,1584236632,94,5.88,-10.05,77.56,2.93
provideniya,87,RU,1584236632,86,64.38,-173.3,20.64,10.65
sungai padi,20,TH,1584236632,83,6.09,101.88,82.4,3.36
college,90,US,1584236633,67,64.86,-147.8,30.0,4.7
acapulco,20,MX,1584236505,74,16.86,-99.89,82.4,3.36
la ronge,75,CA,1584236633,60,55.1,-105.28,5.0,2.24
belmonte,40,BR,1584236619,78,-15.86,-38.88,80.6,3.36
brae,44,GB,1584236633,93,60.4,-1.35,44.6,19.46
victoria,42,HK,1584236633,56,22.29,114.16,71.01,6.93
chimbote,100,PE,1584236633,69,-9.09,-78.58,76.12,4.61
aksu,43,CN,1584236633,21,41.12,80.26,46.09,2.46
tateyama,75,JP,1584236633,65,34.98,139.87,48.99,11.41
westerland,100,DE,1584236634,78,54.91,8.3,39.99,11.99
srednekolymsk,100,RU,1584236634,96,67.45,153.68,-2.67,12.93
mabaruma,91,GY,1584236634,99,8.2,-59.78,71.51,1.57
fortuna,20,US,1584236495,65,40.6,-124.16,46.99,8.05
dunedin,100,NZ,1584236634,74,-45.87,170.5,61.0,20.0
caninde de sao francisco,8,BR,1584236634,80,-9.66,-37.79,75.56,6.26
lyubech,100,UA,1584236634,52,51.7,30.66,28.44,14.27
luderitz,0,NA,1584236480,72,-26.65,15.16,66.2,12.75
riyadh,20,SA,1584236407,48,24.69,46.72,64.4,5.82
yeppoon,0,AU,1584236635,48,-23.13,150.73,82.4,11.41
yarovoye,100,RU,1584236635,99,52.93,78.58,34.02,11.54
lichinga,57,MZ,1584236635,93,-13.31,35.24,68.58,3.44
flinders,90,AU,1584236460,55,-34.58,150.86,68.0,12.75
dalby,75,AU,1584236635,53,-27.18,151.27,82.99,8.05
cayenne,65,GF,1584236519,83,4.93,-52.33,77.0,5.99
alawalpur,0,IN,1584236635,71,31.43,75.65,58.84,1.19
masaki,75,JP,1584236386,66,33.79,132.71,50.0,23.04
dikson,67,RU,1584236636,99,73.51,80.55,-17.95,6.22
deer lake,90,CA,1584236636,80,49.17,-57.43,30.2,11.41
khonsa,100,IN,1584236636,60,27.02,95.57,72.14,2.37
camocim,100,BR,1584236636,96,-2.9,-40.84,74.55,3.27
botwood,75,CA,1584236636,83,49.15,-55.35,32.0,21.92
senneterre,5,CA,1584236637,66,48.38,-77.23,14.0,14.99
roald,100,NO,1584236637,66,62.58,6.13,42.8,14.99
sao filipe,0,CV,1584236637,57,14.9,-24.5,73.15,13.91
surab,100,PK,1584236637,25,28.49,66.26,48.76,4.07
wajima,40,JP,1584236637,56,37.4,136.9,42.8,10.29
ust-kan,100,RU,1584236637,81,50.93,84.76,24.03,10.36
iqaluit,5,CA,1584236637,67,63.75,-68.51,-25.01,11.41
asmar,0,AF,1584236637,35,35.03,71.36,40.75,9.13
san jeronimo,100,PE,1584236638,87,-11.95,-75.28,41.68,3.22
asau,90,RO,1584236589,60,46.43,26.4,39.2,16.11
kathu,20,TH,1584236638,69,7.92,98.33,82.4,5.82
yanam,20,IN,1584236638,83,16.73,82.22,73.4,4.7
wewak,100,PG,1584236638,96,-3.55,143.63,75.25,6.22
lasa,5,IT,1584236442,78,46.62,10.7,39.99,1.79
georgetown,20,MY,1584236452,88,5.41,100.34,84.2,4.7
arica,99,CL,1584236638,69,-18.48,-70.3,73.4,5.73
biak,46,ID,1584236638,69,-0.91,122.88,83.28,7.58
high rock,16,BS,1584236639,83,26.62,-78.28,74.44,13.31
laon,81,FR,1584236639,87,49.57,3.67,46.4,4.7
portland,75,US,1584235965,60,45.52,-122.68,41.0,25.28
dongsheng,0,CN,1584236639,23,39.82,109.98,43.16,10.18
omboue,100,GA,1584236639,91,-1.57,9.26,76.73,2.21
zadar,40,HR,1584236639,43,44.12,15.24,52.0,13.87
micoud,75,LC,1584236639,78,13.82,-60.9,77.0,12.75
trondheim,20,NO,1584236639,43,63.43,10.4,35.6,21.92
matamoros,75,MX,1584236640,29,25.53,-103.25,91.4,6.93
paramirim,100,BR,1584236640,94,-13.44,-42.24,65.55,5.7
price,90,US,1584236640,75,39.6,-110.81,46.0,4.7
gobabis,0,NA,1584236640,72,-22.45,18.97,68.0,20.8
mount isa,5,AU,1584236415,31,-20.73,139.5,87.8,9.17
kruisfontein,10,ZA,1584236499,84,-34.0,24.73,62.2,8.63
burlington,1,US,1584236542,34,39.88,-74.64,53.01,8.05
ust-kuyga,0,RU,1584236640,86,70.02,135.6,-17.75,8.08
breytovo,92,RU,1584236641,88,58.3,37.86,21.63,8.86
imbituba,75,BR,1584236641,61,-28.24,-48.67,78.8,13.87
mendi,100,PG,1584236641,81,-6.18,143.65,65.39,1.95
petropavlovsk-kamchatskiy,90,RU,1584236641,53,53.05,158.65,26.6,11.18
chokurdakh,33,RU,1584236641,88,70.63,147.92,-15.93,1.48
mackay,11,AU,1584236641,58,-21.15,149.2,82.99,16.11
tombouctou,100,ML,1584236641,6,20.0,-3.0,77.58,8.9
korla,100,CN,1584236641,29,41.76,86.15,36.01,3.49
faanui,0,PF,1584236642,73,-16.48,-151.75,83.46,11.74
eureka,75,US,1584236642,80,40.8,-124.16,46.99,17.22
maniitsoq,34,GL,1584236642,77,65.42,-52.9,0.3,9.95
lompoc,90,US,1584236573,71,34.64,-120.46,57.2,5.82
seoul,1,KR,1584236624,33,37.57,126.98,46.4,2.24
kavieng,99,PG,1584236642,64,-2.57,150.8,85.37,5.23
taoudenni,0,ML,1584236642,12,22.68,-3.98,69.71,6.4
beloha,85,MG,1584236642,85,-25.17,45.05,70.77,10.33
jacareacanga,97,BR,1584236643,99,-6.22,-57.75,71.76,0.67
sagua la grande,40,CU,1584236643,83,22.81,-80.08,75.2,10.29
jumla,100,NP,1584236643,74,29.27,82.18,35.73,1.83
carnarvon,90,AU,1584236643,69,-24.87,113.63,80.6,8.05
yerazgavors,40,AM,1584236643,93,40.7,43.75,41.0,2.24
port macquarie,75,AU,1584236643,93,-31.43,152.92,68.0,13.87
hay river,90,CA,1584236643,40,60.82,-115.8,15.8,12.75
waingapu,28,ID,1584236525,72,-9.66,120.26,83.39,6.22
saint anthony,1,US,1584236644,68,45.02,-93.22,30.99,6.13
rawson,0,AR,1584236644,65,-43.3,-65.1,60.96,7.63
tuatapere,100,NZ,1584236644,67,-46.13,167.68,66.99,1.99
olinda,75,BR,1584236644,78,-8.01,-34.86,80.6,2.24
mancio lima,100,BR,1584236644,96,-7.61,-72.9,74.44,2.39
champerico,27,GT,1584236644,75,14.3,-91.92,78.58,2.28
kerchevskiy,5,RU,1584236644,93,59.95,56.29,18.9,2.64
vaitape,0,PF,1584236645,73,-16.52,-151.75,83.46,11.74
puksoozero,50,RU,1584236645,92,62.59,40.61,13.84,6.24
athabasca,69,CA,1584236598,99,54.72,-113.29,-4.61,0.81
benguela,100,AO,1584236645,84,-12.58,13.41,78.58,3.62
kampene,100,CD,1584236645,89,-3.6,26.67,68.45,2.04
marquard,0,ZA,1584236645,60,-28.66,27.43,55.18,4.21
japura,65,ID,1584236645,56,-0.32,102.35,89.42,2.3
cockburn town,0,TC,1584236645,79,21.46,-71.14,75.61,19.8
faya,20,SA,1584236646,87,18.39,42.45,59.0,18.34
katsuura,40,JP,1584236440,45,35.13,140.3,48.99,12.75
anloga,40,GH,1584236646,88,5.79,0.9,82.4,5.82
harper,100,LR,1584236646,95,4.38,-7.72,77.49,2.77
sabrum,100,IN,1584236646,46,23.0,91.73,78.76,9.57
grand-santi,26,GF,1584236646,76,4.25,-54.38,75.79,4.29
torbay,20,CA,1584236646,85,47.67,-52.73,34.0,24.16
vostok,100,RU,1584236483,83,46.49,135.88,20.57,6.08
semenivka,65,UA,1584236647,41,52.18,32.58,27.72,17.31
xichang,0,CN,1584236647,56,27.9,102.26,52.93,8.05
ikalamavony,1,MG,1584236647,83,-21.15,46.58,66.07,4.54
san cristobal,40,VE,1584236456,74,7.77,-72.22,80.6,2.24
yulara,0,AU,1584236647,20,-25.24,130.99,86.0,12.75
mayskiy,20,RU,1584236647,64,47.69,40.1,39.99,8.95
hambantota,20,LK,1584236417,100,6.12,81.12,73.4,5.82
dodge city,90,US,1584236455,93,37.75,-100.02,37.0,10.29
sitka,1,US,1584236648,56,57.05,-135.33,42.8,3.36
quelimane,24,MZ,1584236648,94,-17.88,36.89,77.0,3.36
lagoa,22,PT,1584236648,83,39.05,-27.98,58.8,11.34
dillon,90,US,1584236648,55,34.42,-79.37,66.2,3.74
coquimbo,0,CL,1584236648,88,-29.95,-71.34,62.6,5.82
iroquois falls,20,CA,1584236648,66,48.77,-80.68,14.0,5.82
lamesa,75,US,1584236648,82,32.74,-101.95,62.6,10.29
jalu,48,LY,1584236649,44,29.03,21.55,58.71,2.77
salalah,75,OM,1584236497,53,17.02,54.09,77.0,5.82
aksarka,95,RU,1584236649,89,66.56,67.8,-6.38,8.28
talnakh,75,RU,1584236649,92,69.49,88.4,17.6,13.42
fort nelson,75,CA,1584236649,27,58.81,-122.7,26.6,5.82
london,90,GB,1584236625,76,51.51,-0.13,51.01,13.87
ballina,40,AU,1584236649,73,-28.87,153.57,73.4,19.46
sangar,100,RU,1584236650,89,63.92,127.47,-4.13,14.65
oksfjord,90,NO,1584236650,79,70.24,22.35,24.8,27.51
huaidian,41,CN,1584236650,31,33.43,115.03,62.71,8.08
bambous virieux,40,MU,1584236413,94,-20.34,57.76,75.2,13.02
upernavik,90,GL,1584236650,99,72.79,-56.15,-14.69,2.39
poya,100,NC,1584236650,77,-21.35,165.15,84.76,29.42
akyab,100,MM,1584236650,60,20.15,92.9,80.1,2.28
kayes,12,ML,1584236650,14,14.0,-11.0,76.42,6.6
shuyskoye,80,RU,1584236651,90,59.37,41.03,14.41,5.3
pomerode,75,BR,1584236651,83,-26.74,-49.18,79.0,12.75
pangnirtung,100,CA,1584236432,98,66.15,-65.71,-34.33,0.72
rona de sus,0,RO,1584236651,59,47.9,24.05,33.8,2.24
akdepe,100,TM,1584236651,54,42.06,59.38,57.2,13.87
caravelas,100,BR,1584236651,79,-17.71,-39.25,80.42,12.39
kawalu,29,ID,1584236651,76,-7.38,108.21,81.41,4.27
north bend,90,US,1584236651,93,43.41,-124.22,42.01,4.7
gerash,0,IR,1584236652,62,27.67,54.14,57.2,2.13
ancud,20,CL,1584236438,81,-41.87,-73.82,50.0,4.7
erzin,75,TR,1584236652,100,36.96,36.2,61.0,0.67
praia da vitoria,20,PT,1584236652,93,38.73,-27.07,55.4,3.85
oytal,0,KZ,1584236652,40,42.91,73.27,49.08,6.06
alugan,22,PH,1584236652,62,12.22,125.48,81.82,10.51
zhezkazgan,40,KZ,1584236652,100,47.8,67.71,23.0,6.71
mareeba,20,AU,1584236653,45,-17.0,145.43,90.0,11.41
inverell,25,AU,1584236653,52,-29.78,151.12,73.0,8.99
montauban,0,FR,1584236653,86,44.08,1.5,46.0,2.24
dholka,75,IN,1584236653,36,22.72,72.47,62.6,6.93
east london,88,ZA,1584236441,82,-33.02,27.91,70.57,14.9
santa maria,75,BR,1584236600,69,-29.68,-53.81,80.6,5.82
sweetwater,20,US,1584236653,69,25.76,-80.37,77.0,11.41
alofi,100,NU,1584236483,74,-19.06,-169.92,86.0,9.17
bubaque,0,GW,1584236420,46,11.28,-15.83,82.18,17.0
sarasota,90,US,1584236555,88,27.17,-82.33,78.8,11.01
chapada dos guimaraes,75,BR,1584236654,88,-15.46,-55.75,77.0,4.7
washington,90,US,1584236452,50,47.5,-120.5,33.8,4.7
marawi,97,PH,1584236450,78,8.0,124.29,80.01,7.0
zhengjiatun,38,CN,1584236654,24,43.51,123.51,25.92,24.63
olafsvik,98,IS,1584236654,64,64.89,-23.71,26.78,14.7
sukhobezvodnoye,92,RU,1584236654,94,57.05,44.89,29.19,9.04
beringovskiy,85,RU,1584236654,91,63.05,179.32,22.42,8.55
mazagao,75,BR,1584236655,100,-0.12,-51.29,80.6,6.93
neverkino,72,RU,1584236655,94,52.79,46.74,31.87,7.47
makakilo city,90,US,1584236655,83,21.35,-158.09,80.6,8.05
tepeapulco,90,MX,1584236655,35,19.78,-98.55,69.8,3.36
port hardy,5,CA,1584236655,30,50.7,-127.42,41.0,14.99
klaksvik,100,FO,1584236655,64,62.23,-6.59,35.6,21.92
goderich,100,CA,1584236494,82,43.75,-81.72,34.0,3.0
haines junction,0,CA,1584236655,87,60.75,-137.51,18.68,4.25
saint george,20,US,1584236504,48,37.1,-113.58,61.0,12.75
jati,100,PK,1584236656,19,24.35,68.27,72.54,3.89
muyezerskiy,0,RU,1584236656,89,63.93,31.65,5.36,7.54
tambo grande,100,PE,1584236656,62,-4.93,-80.34,80.13,4.21
tilichiki,100,RU,1584236656,91,60.47,166.1,26.47,5.35
kuala lipis,98,MY,1584236656,67,4.18,102.05,84.42,1.97
zabaykalsk,0,RU,1584236601,66,49.63,117.32,13.8,4.81
inhambane,3,MZ,1584236656,80,-23.86,35.38,76.75,1.95
sarangani,53,PH,1584236657,71,5.4,125.46,81.18,3.8
gagino,7,RU,1584236657,93,55.23,45.03,31.35,5.82
port blair,32,IN,1584236657,68,11.67,92.75,83.03,6.24
kimbe,100,PG,1584236657,81,-5.55,150.14,82.54,3.49
cap malheureux,40,MU,1584236610,94,-19.98,57.61,75.2,10.65
manakara,54,MG,1584236657,92,-22.13,48.02,73.71,3.2
geraldton,75,AU,1584236657,74,-28.77,114.6,80.6,13.87
port moresby,40,PG,1584236657,78,-9.44,147.18,82.4,11.41
los llanos de aridane,0,ES,1584236434,67,28.66,-17.92,62.6,8.05
vigrestad,90,NO,1584236535,87,58.57,5.7,44.6,28.86
oneonta,100,US,1584236439,73,42.45,-75.06,36.0,6.67
pacific grove,90,US,1584236658,87,36.62,-121.92,55.0,13.87
verbilki,94,RU,1584236658,92,56.53,37.6,19.4,11.18
sorland,90,NO,1584236658,68,67.67,12.69,36.54,15.46
san policarpo,22,PH,1584236658,62,12.18,125.51,81.82,10.51
sivas,75,TR,1584236658,100,39.79,37.0,33.8,5.82
olds,75,CA,1584236659,70,51.78,-114.1,-0.4,11.41
burnie,87,AU,1584236575,51,-41.07,145.92,66.0,11.99
aklavik,90,CA,1584236528,58,68.22,-135.01,30.2,2.24
port lincoln,6,AU,1584236434,59,-34.73,135.87,65.3,14.88
phalaborwa,0,ZA,1584236659,91,-23.94,31.14,70.88,5.77
los andes,0,CL,1584236659,38,-32.83,-70.6,73.4,6.93
pauini,100,BR,1584236660,83,-7.71,-66.98,76.77,2.42
pindiga,46,NG,1584236660,18,9.98,10.93,66.43,8.75
ainazi,0,LV,1584236660,55,57.86,24.36,31.8,8.1
meadow lake,1,US,1584236660,30,34.8,-106.54,57.99,9.17
zarand,33,IR,1584236660,45,30.81,56.56,46.94,8.39
jacqueville,75,CI,1584236660,94,5.21,-4.41,78.8,9.17
orlik,33,RU,1584236661,79,52.52,99.83,17.6,5.59
san vicente,0,AR,1584236661,51,-26.62,-54.13,71.1,2.35
souillac,40,MU,1584236661,94,-20.52,57.52,75.2,7.81
sommerda,28,DE,1584236661,69,51.15,11.1,37.99,11.41
sisimiut,0,GL,1584236661,81,66.94,-53.67,-14.53,5.53
kattivakkam,40,IN,1584236661,83,13.22,80.32,82.0,3.36
kloulklubed,75,PW,1584236531,70,7.04,134.26,84.2,9.17
raudeberg,99,NO,1584236661,86,61.99,5.14,39.99,19.46
chingirlau,100,KZ,1584236661,82,51.09,54.08,35.42,13.29
richards bay,54,ZA,1584236662,85,-28.78,32.04,77.85,10.98
te anau,100,NZ,1584236549,67,-45.42,167.72,61.65,7.18
borujerd,100,IR,1584236662,94,33.9,48.75,36.55,1.39
tiarei,40,PF,1584236662,66,-17.53,-149.33,87.8,11.41
tautira,40,PF,1584236662,66,-17.73,-149.15,87.8,11.41
ostersund,91,SE,1584236662,58,63.18,14.64,26.6,12.75
edson,1,CA,1584236662,54,53.58,-116.44,3.2,8.05
angoche,97,MZ,1584236663,97,-16.23,39.91,70.21,4.56
badarpur,100,IN,1584236663,39,24.9,92.6,82.56,2.3
lamu,98,KE,1584236663,77,-2.27,40.9,83.86,9.86
barcelos,75,PT,1584236663,100,41.54,-8.62,50.0,2.24
pavino,100,RU,1584236663,76,59.11,46.14,22.53,5.48
zeya,10,RU,1584236663,81,53.75,127.27,6.51,6.85
ahipara,0,NZ,1584236423,71,-35.17,173.17,67.95,11.86
lorengau,99,PG,1584236663,74,-2.02,147.27,84.74,11.48
hagi,75,JP,1584236664,46,34.4,131.42,51.8,19.46
westport,75,US,1584236411,39,41.14,-73.36,50.0,13.87
namibe,87,AO,1584236461,76,-15.2,12.15,76.46,3.69
thunder bay,5,CA,1584236664,68,48.4,-89.32,24.8,3.36
rio cuarto,100,AR,1584236504,82,-33.13,-64.35,59.0,14.99
tonstad,90,NO,1584236664,87,58.66,6.72,44.6,28.86
rovaniemi,100,FI,1584236665,79,66.5,25.72,21.2,19.46
fertod,23,HU,1584236665,67,47.62,16.89,32.0,8.05
clyde river,1,CA,1584236665,74,70.47,-68.59,-27.4,4.7
pushkinskiye gory,4,RU,1584236665,66,57.02,28.91,24.06,6.33
dudinka,75,RU,1584236665,92,69.41,86.18,17.6,13.42
sawtell,100,AU,1584236665,93,-30.38,153.1,66.2,17.22
beaverlodge,5,CA,1584236644,49,55.22,-119.44,1.4,5.82
tura,85,IN,1584236665,62,25.52,90.22,74.1,9.82
broome,40,US,1584236484,69,42.25,-75.83,37.99,8.05
comodoro rivadavia,56,AR,1584236499,55,-45.87,-67.5,60.8,2.24
fare,0,PF,1584236666,75,-16.7,-151.02,83.12,12.01
saint-paul,100,RE,1584236666,73,-21.01,55.27,75.2,6.93
micheweni,66,TZ,1584236666,72,-4.97,39.83,84.58,5.84
longyearbyen,90,SJ,1584236504,70,78.22,15.64,-0.4,5.82
samarai,0,PG,1584236666,50,-10.62,150.67,90.18,9.08
carutapera,100,BR,1584236666,78,-1.2,-46.02,82.17,14.83
boddam,66,GB,1584236666,87,57.47,-1.78,42.8,8.05
obera,55,AR,1584236667,40,-27.49,-55.12,76.48,2.46
privolzhskiy,0,RU,1584236667,96,51.4,46.03,35.01,4.0
talavera de la reina,0,ES,1584236458,78,39.96,-4.83,49.35,1.39
west wendover,40,US,1584236667,30,40.74,-114.07,57.2,25.28
greenfield,90,US,1584236642,78,42.96,-88.01,33.01,17.22
kirkland lake,1,CA,1584236667,52,48.14,-80.04,19.4,9.17
sabha,0,LY,1584236507,20,27.04,14.43,60.37,6.33
eurajoki,1,FI,1584236667,73,61.2,21.73,24.8,8.05
yenagoa,44,NG,1584236668,92,4.92,6.26,77.79,3.42
rabat,20,MA,1584236668,93,33.99,-6.84,61.0,1.54
celestun,4,MX,1584236668,83,20.87,-90.4,77.36,19.98
teya,100,RU,1584236668,88,60.38,92.63,31.42,14.52
vao,99,NC,1584236586,82,-22.67,167.48,83.75,29.95
husavik,0,IS,1584236514,84,66.04,-17.34,1.4,6.93
awbari,0,LY,1584236669,21,26.59,12.78,58.69,6.76
prachuap khiri khan,19,TH,1584236470,75,11.82,99.78,84.31,12.55
sabancuy,0,MX,1584236669,89,18.97,-91.18,73.9,2.75
ahuimanu,90,US,1584236669,83,21.44,-157.84,80.6,8.05
kaitangata,100,NZ,1584236471,89,-46.28,169.85,57.27,19.69
fairfield,75,US,1584236669,45,41.27,-73.32,50.0,5.82
igarka,100,RU,1584236669,96,67.47,86.58,30.78,7.14
belaya gora,0,RU,1584236596,81,68.53,146.42,-14.13,2.64
hasaki,20,JP,1584236670,42,35.73,140.83,50.0,6.93
pesochnoye,100,RU,1584236670,74,58.01,39.18,21.06,10.38
adrar,0,MR,1584236670,10,20.5,-10.07,69.06,10.09
mayo,90,US,1584236670,61,38.89,-76.51,51.8,4.7
sovetskiy,15,RU,1584236670,86,61.36,63.58,28.09,6.29
gela,0,IT,1584236670,93,37.08,14.23,55.99,3.36
zakupne,0,UA,1584236670,75,49.12,26.34,28.0,11.01
porvoo,0,FI,1584236670,79,60.39,25.67,24.01,3.36
cabinda,100,AO,1584236671,83,-5.55,12.2,82.63,6.2
chester,1,US,1584236671,36,40.13,-75.87,52.0,6.93
novoagansk,100,RU,1584236671,97,61.94,76.66,32.54,18.52
lupiro,100,TZ,1584236671,96,-8.38,36.67,71.17,0.92
ialibu,100,PG,1584236671,88,-6.28,143.99,67.42,1.59
yaan,45,NG,1584236671,15,7.38,8.57,75.67,4.74
kangaatsiaq,100,GL,1584236671,88,68.31,-53.46,0.63,2.15
salgado,40,BR,1584236672,70,-11.03,-37.48,84.2,12.75
nouakchott,40,MR,1584236672,88,18.09,-15.98,68.0,10.29
tambopata,88,PE,1584236672,63,-12.73,-69.18,83.19,2.75
cairns,20,AU,1584236672,45,-16.92,145.77,90.0,11.41
ucluelet,20,CA,1584236547,26,48.93,-125.55,43.0,6.93
vila,4,PT,1584236672,100,42.03,-8.16,50.0,2.24
constitucion,0,CL,1584236673,62,-35.33,-72.42,56.01,5.28
antalaha,100,MG,1584236673,91,-14.9,50.28,79.45,38.5
horconcitos,9,PA,1584236673,75,8.47,-81.8,68.85,8.16
baykit,96,RU,1584236673,91,61.67,96.37,29.19,10.2
port-cartier,90,CA,1584236673,63,50.03,-66.87,27.0,17.22
ardabil,100,IR,1584236559,92,38.25,48.29,35.62,4.16
alice springs,90,AU,1584236405,34,-23.7,133.88,78.8,9.17
filadelfia,90,US,1584236550,34,39.95,-75.16,53.01,3.36
guerrero negro,60,MX,1584236673,71,27.98,-114.06,61.27,13.15
walvis bay,0,NA,1584236496,93,-22.96,14.51,62.01,5.82
guiberoua,100,CI,1584236674,91,6.24,-6.17,76.14,1.54
santo amaro da imperatriz,75,BR,1584236674,61,-27.69,-48.78,78.8,13.87
turukhansk,100,RU,1584236674,97,65.82,87.98,30.96,10.94
darhan,100,MN,1584236674,78,49.49,105.92,28.36,7.36
ternate,40,ID,1584236674,61,0.8,127.4,84.9,9.22
bandarbeyla,98,SO,1584236674,76,9.49,50.81,78.96,8.34
juneau,20,US,1584236597,48,58.3,-134.42,42.8,5.82
bairiki,96,KI,1584236675,76,1.33,172.98,83.03,13.73
aykhal,97,RU,1584236675,85,66.0,111.5,19.4,6.71
canoas,0,BR,1584236428,65,-29.92,-51.18,84.99,8.05
ilhabela,0,BR,1584236675,86,-23.78,-45.36,77.52,12.93
plaridel,40,PH,1584236675,62,14.89,120.86,88.0,3.36
tsiroanomandidy,42,MG,1584236675,93,-18.77,46.03,67.03,0.87
makurdi,45,NG,1584236676,15,7.74,8.51,75.67,4.74
curaca,93,BR,1584236676,67,-8.99,-39.91,76.84,12.93
olecko,0,PL,1584236676,94,54.03,22.51,24.01,5.37
muhos,87,FI,1584236676,79,64.81,25.99,19.99,10.29
kedrovyy,40,RU,1584236676,74,56.17,91.82,35.6,15.66
pringsewu,26,ID,1584236676,74,-5.36,104.97,83.21,4.63
iskateley,74,RU,1584236676,94,67.68,53.15,6.91,6.4
ruwi,75,OM,1584236676,41,23.6,58.55,77.0,10.29
yunyang,0,CN,1584236677,13,33.45,112.71,65.55,2.8
calbuco,0,CL,1584236677,87,-41.77,-73.13,50.0,4.7
krasnoselkup,100,RU,1584236677,96,65.7,82.47,27.91,12.84
bowen,75,AU,1584236677,58,-20.02,148.23,87.01,12.75
saint-francois,48,FR,1584236677,92,46.42,3.91,42.01,3.36
altoona,90,US,1584236677,80,40.52,-78.39,42.8,3.36
peque,18,CO,1584236677,96,7.02,-75.91,57.65,3.38
palmer,90,US,1584236677,48,42.16,-72.33,44.6,11.41
yar-sale,10,RU,1584236678,87,66.83,70.83,-8.54,10.74
cidreira,0,BR,1584236678,89,-30.18,-50.21,76.06,23.31
toora-khem,100,RU,1584236474,88,52.47,96.11,21.45,5.55
itoman,0,JP,1584236678,48,26.12,127.67,62.6,18.34
bonavista,46,CA,1584236678,84,48.65,-53.11,33.01,15.01
waipawa,0,NZ,1584236678,72,-41.41,175.52,66.0,9.17
aleksandrovsk-sakhalinskiy,93,RU,1584236678,84,50.9,142.16,20.44,17.36
bud,90,US,1584236678,80,39.45,-86.18,35.6,9.17
ulladulla,90,AU,1584236678,55,-35.35,150.47,62.6,12.75
sakakah,40,SA,1584236679,76,29.97,40.21,57.2,17.22
linfen,49,CN,1584236679,17,36.09,111.52,53.58,4.27
hayden,90,US,1584236679,67,47.77,-116.79,25.0,26.4
santa isabel,6,BR,1584236679,88,-23.32,-46.22,73.4,3.36
coahuayana,75,MX,1584236679,83,18.73,-103.68,75.2,11.41
samfya,100,ZM,1584236679,96,-11.36,29.56,64.27,2.1
coihaique,5,CL,1584236504,71,-45.58,-72.07,53.6,2.24
sept-iles,90,CA,1584236679,63,50.2,-66.38,27.0,17.22
cam ranh,40,VN,1584236680,79,11.92,109.16,84.2,12.75
kalmar,0,SE,1584236680,62,56.66,16.36,35.01,10.29
griffith,90,US,1584236680,85,41.53,-87.42,34.0,16.11
almaznyy,20,RU,1584236680,64,48.04,40.05,39.2,8.95
sheboygan,90,US,1584236680,68,43.73,-87.93,30.99,10.29
touros,98,BR,1584236680,94,-5.2,-35.46,77.0,4.7
montepuez,100,MZ,1584236680,98,-13.13,39.0,69.87,1.7
calabar,57,NG,1584236681,87,4.95,8.32,79.52,1.16
kyren,61,RU,1584236681,61,51.68,102.14,27.21,3.33
santa maria del monte,75,MX,1584236681,29,19.29,-99.82,66.2,8.05
colac,78,AU,1584236681,68,-38.33,143.58,64.0,5.32
san fernando,75,PH,1584236681,78,15.03,120.69,86.0,2.24
port hawkesbury,90,CA,1584236681,63,45.62,-61.35,32.0,25.28
lashio,100,MM,1584236681,26,22.93,97.75,86.0,2.62
lewiston,1,US,1584236682,44,44.1,-70.21,42.01,10.29
kushima,20,JP,1584236682,43,31.46,131.23,55.4,20.8
moerai,16,PF,1584236682,67,-22.43,-151.33,80.44,1.9
lang son,99,VN,1584236682,69,21.83,106.73,64.72,2.75
brunswick,1,US,1584236682,91,41.24,-81.84,35.01,6.93
yang talat,75,TH,1584236682,69,16.4,103.37,89.01,9.17
zhigansk,100,RU,1584236433,94,66.77,123.37,-3.84,23.09
tongliao,0,CN,1584236682,27,43.61,122.27,25.11,20.62
ostrovnoy,35,RU,1584236683,91,68.05,39.51,0.46,15.43
northam,100,GB,1584236671,92,51.03,-4.22,50.0,15.99
shaki,90,AZ,1584236683,87,41.08,47.17,51.8,3.58
narsaq,100,GL,1584236683,67,60.92,-46.05,21.2,3.36
tevriz,97,RU,1584236683,91,57.51,72.4,31.86,7.49
imeni poliny osipenko,0,RU,1584236683,62,52.42,136.49,17.85,2.51
moshupa,0,BW,1584236683,94,-24.78,25.42,68.0,3.36
hukuntsi,0,BW,1584236684,53,-24.0,21.75,72.27,7.07
humaita,99,BR,1584236684,98,-7.51,-63.02,73.71,4.59
gizo,100,SB,1584236684,75,-8.1,156.84,83.88,10.2
